{"v":"5.7.6","fr":60,"ip":0,"op":220,"w":2228,"h":768,"nm":"RoulletteRoll","ddd":0,"assets":[{"id":"image_0","w":434,"h":434,"u":"images/","p":"img_0.png","e":0},{"id":"image_1","w":246,"h":211,"u":"images/","p":"img_1.png","e":0}],"fonts":{"list":[{"origin":1,"fPath":"","fClass":"","fFamily":"Quicksand","fWeight":"","fStyle":"Light","fName":"Quicksand-Light","ascent":69.4992065429688}]},"layers":[{"ddd":0,"ind":1,"ty":2,"nm":"Card back.png","cl":"png","refId":"image_0","sr":1,"ks":{"o":{"a":1,"k":[{"i":{"x":[0.667],"y":[1]},"o":{"x":[0.167],"y":[0.167]},"t":139.982,"s":[0]},{"i":{"x":[0.833],"y":[0.833]},"o":{"x":[0.167],"y":[0.167]},"t":160.018,"s":[70]},{"t":170,"s":[70]}],"ix":11},"r":{"a":0,"k":0,"ix":10},"p":{"a":1,"k":[{"i":{"x":0.667,"y":1},"o":{"x":0.167,"y":0.167},"t":139.982,"s":[2562,384,0],"to":[-134.333,0,0],"ti":[134.333,0,0]},{"i":{"x":0.833,"y":0.833},"o":{"x":0.167,"y":0.167},"t":160,"s":[1756,384,0],"to":[0,0,0],"ti":[0,0,0]},{"t":170,"s":[1756,384,0]}],"ix":2,"l":2},"a":{"a":0,"k":[217,217,0],"ix":1,"l":2},"s":{"a":1,"k":[{"i":{"x":[0.667,0.667,0.667],"y":[1,1,1]},"o":{"x":[0.167,0.167,0.167],"y":[0,0,0]},"t":139.982,"s":[132.258,132.258,100]},{"i":{"x":[0.833,0.833,0.833],"y":[0.833,0.833,0.833]},"o":{"x":[0.167,0.167,0.167],"y":[0.167,0.167,0.167]},"t":160.018,"s":[132.258,132.258,100]},{"t":170,"s":[132.258,132.258,100]}],"ix":6,"l":2}},"ao":0,"ip":0,"op":227,"st":0,"bm":0},{"ddd":0,"ind":2,"ty":5,"nm":"Just Looking","parent":4,"sr":1,"ks":{"o":{"a":0,"k":50,"ix":11},"r":{"a":0,"k":0,"ix":10},"p":{"a":0,"k":[536.439,284.651,0],"ix":2,"l":2},"a":{"a":0,"k":[0,0,0],"ix":1,"l":2},"s":{"a":0,"k":[100,100,100],"ix":6,"l":2}},"ao":0,"t":{"d":{"k":[{"s":{"sz":[476,154],"ps":[-280,-113],"s":72,"f":"Quicksand-Light","t":"Just Looking","ca":0,"j":2,"tr":0,"lh":86.4,"ls":0,"fc":[0,0,0]},"t":0}]},"p":{},"m":{"g":1,"a":{"a":0,"k":[0,0],"ix":2}},"a":[]},"ip":0,"op":224,"st":0,"bm":0},{"ddd":0,"ind":3,"ty":2,"nm":"ImagemPosicao.png","cl":"png","parent":4,"refId":"image_1","sr":1,"ks":{"o":{"a":0,"k":100,"ix":11},"r":{"a":0,"k":0,"ix":10},"p":{"a":0,"k":[497,-54.087,0],"ix":2,"l":2},"a":{"a":0,"k":[123,105.5,0],"ix":1,"l":2},"s":{"a":0,"k":[149,149,100],"ix":6,"l":2}},"ao":0,"ip":0,"op":224,"st":0,"bm":0},{"ddd":0,"ind":4,"ty":4,"nm":"Card Front","sr":1,"ks":{"o":{"a":0,"k":100,"ix":11},"r":{"a":0,"k":0,"ix":10},"p":{"a":0,"k":[1101,400.087,0],"ix":2,"l":2},"a":{"a":0,"k":[490,0,0],"ix":1,"l":2},"s":{"a":1,"k":[{"i":{"x":[0.833,0.833,0.833],"y":[1,1,1]},"o":{"x":[0.167,0.167,0.167],"y":[0,0,0]},"t":191,"s":[0,100,100]},{"t":212,"s":[100,100,100]}],"ix":6,"l":2}},"ao":0,"shapes":[{"ty":"gr","it":[{"ty":"rc","d":1,"s":{"a":0,"k":[653,650],"ix":2},"p":{"a":0,"k":[0,0],"ix":3},"r":{"a":0,"k":39,"ix":4},"nm":"Rectangle Path 1","mn":"ADBE Vector Shape - Rect","hd":false},{"ty":"fl","c":{"a":0,"k":[1,1,1,1],"ix":4},"o":{"a":0,"k":100,"ix":5},"r":1,"bm":0,"nm":"Fill 1","mn":"ADBE Vector Graphic - Fill","hd":false},{"ty":"tr","p":{"a":0,"k":[495,-15],"ix":2},"a":{"a":0,"k":[0,0],"ix":1},"s":{"a":0,"k":[100,100],"ix":3},"r":{"a":0,"k":0,"ix":6},"o":{"a":0,"k":100,"ix":7},"sk":{"a":0,"k":0,"ix":4},"sa":{"a":0,"k":0,"ix":5},"nm":"Transformar"}],"nm":"Rectangle 1","np":2,"cix":2,"bm":0,"ix":1,"mn":"ADBE Vector Group","hd":false}],"ip":0,"op":227,"st":0,"bm":0},{"ddd":0,"ind":5,"ty":2,"nm":"Card back.png","cl":"png","refId":"image_0","sr":1,"ks":{"o":{"a":1,"k":[{"i":{"x":[0.833],"y":[0.833]},"o":{"x":[0.167],"y":[0.167]},"t":128,"s":[0]},{"i":{"x":[0.667],"y":[1]},"o":{"x":[0.167],"y":[0.167]},"t":140.018,"s":[70]},{"i":{"x":[0.833],"y":[0.833]},"o":{"x":[0.167],"y":[0.167]},"t":160.018,"s":[100]},{"t":170,"s":[100]}],"ix":11},"r":{"a":0,"k":0,"ix":10},"p":{"a":1,"k":[{"i":{"x":0.833,"y":0.833},"o":{"x":0.167,"y":0.167},"t":128,"s":[2562,384,0],"to":[-134.333,0,0],"ti":[242.333,-0.848,0]},{"i":{"x":0.667,"y":1},"o":{"x":0.167,"y":0.167},"t":140,"s":[1756,384,0],"to":[-242.333,0.848,0],"ti":[108,-0.848,0]},{"i":{"x":0.833,"y":0.833},"o":{"x":0.167,"y":0.167},"t":160.018,"s":[1108,389.087,0],"to":[0,0,0],"ti":[0,0,0]},{"t":170,"s":[1108,389.087,0]}],"ix":2,"l":2},"a":{"a":0,"k":[217,217,0],"ix":1,"l":2},"s":{"a":1,"k":[{"i":{"x":[0.833,0.833,0.833],"y":[0.833,0.833,0.833]},"o":{"x":[0.167,0.167,0.167],"y":[0.167,0.167,0.167]},"t":128,"s":[132.258,132.258,100]},{"i":{"x":[0.667,0.667,0.667],"y":[1,1,1]},"o":{"x":[0.167,0.167,0.167],"y":[0.167,0.167,-5.376]},"t":140.018,"s":[132.258,132.258,100]},{"i":{"x":[0.667,0.667,0.667],"y":[1,1,1]},"o":{"x":[0.167,0.167,0.167],"y":[0,0,0]},"t":160.018,"s":[156.258,156.258,100]},{"i":{"x":[0.667,0.667,0.667],"y":[1,1,1]},"o":{"x":[0.167,0.167,0.167],"y":[0.167,0,0]},"t":170,"s":[156.258,156.258,100]},{"t":191,"s":[0,156.258,100]}],"ix":6,"l":2}},"ao":0,"ip":0,"op":221,"st":0,"bm":0},{"ddd":0,"ind":6,"ty":2,"nm":"Card back.png","cl":"png","refId":"image_0","sr":1,"ks":{"o":{"a":1,"k":[{"i":{"x":[0.833],"y":[0.833]},"o":{"x":[0.167],"y":[0.167]},"t":116,"s":[0]},{"i":{"x":[0.833],"y":[0.833]},"o":{"x":[0.167],"y":[0.167]},"t":128.018,"s":[70]},{"i":{"x":[0.667],"y":[1]},"o":{"x":[0.167],"y":[0.167]},"t":140,"s":[100]},{"t":160.03515625,"s":[70]}],"ix":11},"r":{"a":0,"k":0,"ix":10},"p":{"a":1,"k":[{"i":{"x":0.833,"y":0.833},"o":{"x":0.167,"y":0.167},"t":116,"s":[2562,384,0],"to":[-134.333,0,0],"ti":[242.333,-0.848,0]},{"i":{"x":0.833,"y":0.833},"o":{"x":0.167,"y":0.167},"t":128,"s":[1756,384,0],"to":[-242.333,0.848,0],"ti":[216.667,0,0]},{"i":{"x":0.667,"y":1},"o":{"x":0.167,"y":0.167},"t":140,"s":[1108,389.087,0],"to":[-216.667,0,0],"ti":[108.667,0.848,0]},{"t":160.017578125,"s":[456,384,0]}],"ix":2,"l":2},"a":{"a":0,"k":[217,217,0],"ix":1,"l":2},"s":{"a":1,"k":[{"i":{"x":[0.833,0.833,0.833],"y":[0.833,0.833,0.833]},"o":{"x":[0.167,0.167,0.167],"y":[0.167,0.167,0.167]},"t":116,"s":[132.258,132.258,100]},{"i":{"x":[0.833,0.833,0.833],"y":[0.833,0.833,0.833]},"o":{"x":[0.167,0.167,0.167],"y":[0.167,0.167,0.167]},"t":128.018,"s":[132.258,132.258,100]},{"i":{"x":[0.667,0.667,0.667],"y":[1,1,1]},"o":{"x":[0.167,0.167,0.167],"y":[0.167,0.167,0]},"t":140,"s":[156.258,156.258,100]},{"t":160.017578125,"s":[132.258,132.258,100]}],"ix":6,"l":2}},"ao":0,"ip":0,"op":220,"st":0,"bm":0},{"ddd":0,"ind":7,"ty":2,"nm":"Card back.png","cl":"png","refId":"image_0","sr":1,"ks":{"o":{"a":1,"k":[{"i":{"x":[0.833],"y":[0.833]},"o":{"x":[0.167],"y":[0.167]},"t":104,"s":[0]},{"i":{"x":[0.833],"y":[0.833]},"o":{"x":[0.167],"y":[0.167]},"t":116.018,"s":[70]},{"i":{"x":[0.833],"y":[0.833]},"o":{"x":[0.167],"y":[0.167]},"t":128,"s":[100]},{"i":{"x":[0.667],"y":[1]},"o":{"x":[0.167],"y":[0.167]},"t":140.018,"s":[70]},{"t":160.017578125,"s":[0]}],"ix":11},"r":{"a":0,"k":0,"ix":10},"p":{"a":1,"k":[{"i":{"x":0.833,"y":0.833},"o":{"x":0.167,"y":0.167},"t":104,"s":[2562,384,0],"to":[-134.333,0,0],"ti":[242.333,-0.848,0]},{"i":{"x":0.833,"y":0.833},"o":{"x":0.167,"y":0.167},"t":116,"s":[1756,384,0],"to":[-242.333,0.848,0],"ti":[216.667,0,0]},{"i":{"x":0.833,"y":0.833},"o":{"x":0.167,"y":0.167},"t":128,"s":[1108,389.087,0],"to":[-216.667,0,0],"ti":[239,0.848,0]},{"i":{"x":0.667,"y":1},"o":{"x":0.167,"y":0.167},"t":140,"s":[456,384,0],"to":[-239,-0.848,0],"ti":[130.333,0,0]},{"t":160.017578125,"s":[-326,384,0]}],"ix":2,"l":2},"a":{"a":0,"k":[217,217,0],"ix":1,"l":2},"s":{"a":1,"k":[{"i":{"x":[0.833,0.833,0.833],"y":[0.833,0.833,0.833]},"o":{"x":[0.167,0.167,0.167],"y":[0.167,0.167,0.167]},"t":104,"s":[132.258,132.258,100]},{"i":{"x":[0.833,0.833,0.833],"y":[0.833,0.833,0.833]},"o":{"x":[0.167,0.167,0.167],"y":[0.167,0.167,0.167]},"t":116.018,"s":[132.258,132.258,100]},{"i":{"x":[0.833,0.833,0.833],"y":[0.833,0.833,0.833]},"o":{"x":[0.167,0.167,0.167],"y":[0.167,0.167,0.167]},"t":128,"s":[156.258,156.258,100]},{"t":140,"s":[132.258,132.258,100]}],"ix":6,"l":2}},"ao":0,"ip":0,"op":220,"st":0,"bm":0},{"ddd":0,"ind":8,"ty":2,"nm":"Card back.png","cl":"png","refId":"image_0","sr":1,"ks":{"o":{"a":1,"k":[{"i":{"x":[0.833],"y":[0.833]},"o":{"x":[0.167],"y":[0.167]},"t":92,"s":[0]},{"i":{"x":[0.833],"y":[0.833]},"o":{"x":[0.167],"y":[0.167]},"t":104.018,"s":[70]},{"i":{"x":[0.833],"y":[0.833]},"o":{"x":[0.167],"y":[0.167]},"t":116,"s":[100]},{"i":{"x":[0.833],"y":[0.833]},"o":{"x":[0.167],"y":[0.167]},"t":128.018,"s":[70]},{"t":140,"s":[0]}],"ix":11},"r":{"a":0,"k":0,"ix":10},"p":{"a":1,"k":[{"i":{"x":0.833,"y":0.833},"o":{"x":0.167,"y":0.167},"t":92,"s":[2562,384,0],"to":[-134.333,0,0],"ti":[242.333,-0.848,0]},{"i":{"x":0.833,"y":0.833},"o":{"x":0.167,"y":0.167},"t":104,"s":[1756,384,0],"to":[-242.333,0.848,0],"ti":[216.667,0,0]},{"i":{"x":0.833,"y":0.833},"o":{"x":0.167,"y":0.167},"t":116,"s":[1108,389.087,0],"to":[-216.667,0,0],"ti":[239,0.848,0]},{"i":{"x":0.833,"y":0.833},"o":{"x":0.167,"y":0.167},"t":128,"s":[456,384,0],"to":[-239,-0.848,0],"ti":[130.333,0,0]},{"t":140,"s":[-326,384,0]}],"ix":2,"l":2},"a":{"a":0,"k":[217,217,0],"ix":1,"l":2},"s":{"a":1,"k":[{"i":{"x":[0.833,0.833,0.833],"y":[0.833,0.833,0.833]},"o":{"x":[0.167,0.167,0.167],"y":[0.167,0.167,0.167]},"t":92,"s":[132.258,132.258,100]},{"i":{"x":[0.833,0.833,0.833],"y":[0.833,0.833,0.833]},"o":{"x":[0.167,0.167,0.167],"y":[0.167,0.167,0.167]},"t":104.018,"s":[132.258,132.258,100]},{"i":{"x":[0.833,0.833,0.833],"y":[0.833,0.833,0.833]},"o":{"x":[0.167,0.167,0.167],"y":[0.167,0.167,0.167]},"t":116,"s":[156.258,156.258,100]},{"t":128,"s":[132.258,132.258,100]}],"ix":6,"l":2}},"ao":0,"ip":0,"op":151,"st":0,"bm":0},{"ddd":0,"ind":9,"ty":2,"nm":"Card back.png","cl":"png","refId":"image_0","sr":1,"ks":{"o":{"a":1,"k":[{"i":{"x":[0.833],"y":[0.833]},"o":{"x":[0.167],"y":[0.167]},"t":80,"s":[0]},{"i":{"x":[0.833],"y":[0.833]},"o":{"x":[0.167],"y":[0.167]},"t":92.018,"s":[70]},{"i":{"x":[0.833],"y":[0.833]},"o":{"x":[0.167],"y":[0.167]},"t":104,"s":[100]},{"i":{"x":[0.833],"y":[0.833]},"o":{"x":[0.167],"y":[0.167]},"t":116.018,"s":[70]},{"t":128,"s":[0]}],"ix":11},"r":{"a":0,"k":0,"ix":10},"p":{"a":1,"k":[{"i":{"x":0.833,"y":0.833},"o":{"x":0.167,"y":0.167},"t":80,"s":[2562,384,0],"to":[-134.333,0,0],"ti":[242.333,-0.848,0]},{"i":{"x":0.833,"y":0.833},"o":{"x":0.167,"y":0.167},"t":92,"s":[1756,384,0],"to":[-242.333,0.848,0],"ti":[216.667,0,0]},{"i":{"x":0.833,"y":0.833},"o":{"x":0.167,"y":0.167},"t":104,"s":[1108,389.087,0],"to":[-216.667,0,0],"ti":[239,0.848,0]},{"i":{"x":0.833,"y":0.833},"o":{"x":0.167,"y":0.167},"t":116,"s":[456,384,0],"to":[-239,-0.848,0],"ti":[130.333,0,0]},{"t":128,"s":[-326,384,0]}],"ix":2,"l":2},"a":{"a":0,"k":[217,217,0],"ix":1,"l":2},"s":{"a":1,"k":[{"i":{"x":[0.833,0.833,0.833],"y":[0.833,0.833,0.833]},"o":{"x":[0.167,0.167,0.167],"y":[0.167,0.167,0.167]},"t":80,"s":[132.258,132.258,100]},{"i":{"x":[0.833,0.833,0.833],"y":[0.833,0.833,0.833]},"o":{"x":[0.167,0.167,0.167],"y":[0.167,0.167,0.167]},"t":92.018,"s":[132.258,132.258,100]},{"i":{"x":[0.833,0.833,0.833],"y":[0.833,0.833,0.833]},"o":{"x":[0.167,0.167,0.167],"y":[0.167,0.167,0.167]},"t":104,"s":[156.258,156.258,100]},{"t":116,"s":[132.258,132.258,100]}],"ix":6,"l":2}},"ao":0,"ip":0,"op":137,"st":0,"bm":0},{"ddd":0,"ind":10,"ty":2,"nm":"Card back.png","cl":"png","refId":"image_0","sr":1,"ks":{"o":{"a":1,"k":[{"i":{"x":[0.833],"y":[0.833]},"o":{"x":[0.167],"y":[0.167]},"t":67.982,"s":[0]},{"i":{"x":[0.833],"y":[0.833]},"o":{"x":[0.167],"y":[0.167]},"t":80,"s":[70]},{"i":{"x":[0.833],"y":[0.833]},"o":{"x":[0.167],"y":[0.167]},"t":92,"s":[100]},{"i":{"x":[0.833],"y":[0.833]},"o":{"x":[0.167],"y":[0.167]},"t":104.018,"s":[70]},{"t":116,"s":[0]}],"ix":11},"r":{"a":0,"k":0,"ix":10},"p":{"a":1,"k":[{"i":{"x":0.833,"y":0.833},"o":{"x":0.167,"y":0.167},"t":67.982,"s":[2562,384,0],"to":[-134.333,0,0],"ti":[242.333,-0.848,0]},{"i":{"x":0.833,"y":0.833},"o":{"x":0.167,"y":0.167},"t":79.982,"s":[1756,384,0],"to":[-242.333,0.848,0],"ti":[216.667,0,0]},{"i":{"x":0.833,"y":0.833},"o":{"x":0.167,"y":0.167},"t":92,"s":[1108,389.087,0],"to":[-216.667,0,0],"ti":[239,0.848,0]},{"i":{"x":0.833,"y":0.833},"o":{"x":0.167,"y":0.167},"t":104,"s":[456,384,0],"to":[-239,-0.848,0],"ti":[130.333,0,0]},{"t":116,"s":[-326,384,0]}],"ix":2,"l":2},"a":{"a":0,"k":[217,217,0],"ix":1,"l":2},"s":{"a":1,"k":[{"i":{"x":[0.833,0.833,0.833],"y":[0.833,0.833,0.833]},"o":{"x":[0.167,0.167,0.167],"y":[0.167,0.167,0.167]},"t":67.982,"s":[132.258,132.258,100]},{"i":{"x":[0.833,0.833,0.833],"y":[0.833,0.833,0.833]},"o":{"x":[0.167,0.167,0.167],"y":[0.167,0.167,0.167]},"t":80,"s":[132.258,132.258,100]},{"i":{"x":[0.833,0.833,0.833],"y":[0.833,0.833,0.833]},"o":{"x":[0.167,0.167,0.167],"y":[0.167,0.167,0.167]},"t":92,"s":[156.258,156.258,100]},{"t":104,"s":[132.258,132.258,100]}],"ix":6,"l":2}},"ao":0,"ip":0,"op":124,"st":0,"bm":0},{"ddd":0,"ind":11,"ty":2,"nm":"Card back.png","cl":"png","refId":"image_0","sr":1,"ks":{"o":{"a":1,"k":[{"i":{"x":[0.833],"y":[0.833]},"o":{"x":[0.167],"y":[0.167]},"t":55.982,"s":[0]},{"i":{"x":[0.833],"y":[0.833]},"o":{"x":[0.167],"y":[0.167]},"t":68,"s":[70]},{"i":{"x":[0.833],"y":[0.833]},"o":{"x":[0.167],"y":[0.167]},"t":80,"s":[100]},{"i":{"x":[0.833],"y":[0.833]},"o":{"x":[0.167],"y":[0.167]},"t":92.018,"s":[70]},{"t":104,"s":[0]}],"ix":11},"r":{"a":0,"k":0,"ix":10},"p":{"a":1,"k":[{"i":{"x":0.833,"y":0.833},"o":{"x":0.167,"y":0.167},"t":55.982,"s":[2562,384,0],"to":[-134.333,0,0],"ti":[242.333,-0.848,0]},{"i":{"x":0.833,"y":0.833},"o":{"x":0.167,"y":0.167},"t":67.982,"s":[1756,384,0],"to":[-242.333,0.848,0],"ti":[216.667,0,0]},{"i":{"x":0.833,"y":0.833},"o":{"x":0.167,"y":0.167},"t":80,"s":[1108,389.087,0],"to":[-216.667,0,0],"ti":[239,0.848,0]},{"i":{"x":0.833,"y":0.833},"o":{"x":0.167,"y":0.167},"t":92,"s":[456,384,0],"to":[-239,-0.848,0],"ti":[130.333,0,0]},{"t":104,"s":[-326,384,0]}],"ix":2,"l":2},"a":{"a":0,"k":[217,217,0],"ix":1,"l":2},"s":{"a":1,"k":[{"i":{"x":[0.833,0.833,0.833],"y":[0.833,0.833,0.833]},"o":{"x":[0.167,0.167,0.167],"y":[0.167,0.167,0.167]},"t":55.982,"s":[132.258,132.258,100]},{"i":{"x":[0.833,0.833,0.833],"y":[0.833,0.833,0.833]},"o":{"x":[0.167,0.167,0.167],"y":[0.167,0.167,0.167]},"t":68,"s":[132.258,132.258,100]},{"i":{"x":[0.833,0.833,0.833],"y":[0.833,0.833,0.833]},"o":{"x":[0.167,0.167,0.167],"y":[0.167,0.167,0.167]},"t":80,"s":[156.258,156.258,100]},{"t":92,"s":[132.258,132.258,100]}],"ix":6,"l":2}},"ao":0,"ip":0,"op":111,"st":0,"bm":0},{"ddd":0,"ind":12,"ty":2,"nm":"Card back.png","cl":"png","refId":"image_0","sr":1,"ks":{"o":{"a":1,"k":[{"i":{"x":[0.833],"y":[0.833]},"o":{"x":[0.167],"y":[0.167]},"t":43.982,"s":[0]},{"i":{"x":[0.833],"y":[0.833]},"o":{"x":[0.167],"y":[0.167]},"t":56,"s":[70]},{"i":{"x":[0.833],"y":[0.833]},"o":{"x":[0.167],"y":[0.167]},"t":68,"s":[100]},{"i":{"x":[0.833],"y":[0.833]},"o":{"x":[0.167],"y":[0.167]},"t":80.018,"s":[70]},{"t":92,"s":[0]}],"ix":11},"r":{"a":0,"k":0,"ix":10},"p":{"a":1,"k":[{"i":{"x":0.833,"y":0.833},"o":{"x":0.167,"y":0.167},"t":43.982,"s":[2562,384,0],"to":[-134.333,0,0],"ti":[242.333,-0.848,0]},{"i":{"x":0.833,"y":0.833},"o":{"x":0.167,"y":0.167},"t":55.982,"s":[1756,384,0],"to":[-242.333,0.848,0],"ti":[216.667,0,0]},{"i":{"x":0.833,"y":0.833},"o":{"x":0.167,"y":0.167},"t":68,"s":[1108,389.087,0],"to":[-216.667,0,0],"ti":[239,0.848,0]},{"i":{"x":0.833,"y":0.833},"o":{"x":0.167,"y":0.167},"t":80,"s":[456,384,0],"to":[-239,-0.848,0],"ti":[130.333,0,0]},{"t":92,"s":[-326,384,0]}],"ix":2,"l":2},"a":{"a":0,"k":[217,217,0],"ix":1,"l":2},"s":{"a":1,"k":[{"i":{"x":[0.833,0.833,0.833],"y":[0.833,0.833,0.833]},"o":{"x":[0.167,0.167,0.167],"y":[0.167,0.167,0.167]},"t":43.982,"s":[132.258,132.258,100]},{"i":{"x":[0.833,0.833,0.833],"y":[0.833,0.833,0.833]},"o":{"x":[0.167,0.167,0.167],"y":[0.167,0.167,0.167]},"t":56,"s":[132.258,132.258,100]},{"i":{"x":[0.833,0.833,0.833],"y":[0.833,0.833,0.833]},"o":{"x":[0.167,0.167,0.167],"y":[0.167,0.167,0.167]},"t":68,"s":[156.258,156.258,100]},{"t":80,"s":[132.258,132.258,100]}],"ix":6,"l":2}},"ao":0,"ip":0,"op":108,"st":0,"bm":0},{"ddd":0,"ind":13,"ty":2,"nm":"Card back.png","cl":"png","refId":"image_0","sr":1,"ks":{"o":{"a":1,"k":[{"i":{"x":[0.833],"y":[0.833]},"o":{"x":[0.167],"y":[0.167]},"t":31.982,"s":[0]},{"i":{"x":[0.833],"y":[0.833]},"o":{"x":[0.167],"y":[0.167]},"t":44,"s":[70]},{"i":{"x":[0.833],"y":[0.833]},"o":{"x":[0.167],"y":[0.167]},"t":56,"s":[100]},{"i":{"x":[0.833],"y":[0.833]},"o":{"x":[0.167],"y":[0.167]},"t":68.018,"s":[70]},{"t":80,"s":[0]}],"ix":11},"r":{"a":0,"k":0,"ix":10},"p":{"a":1,"k":[{"i":{"x":0.833,"y":0.833},"o":{"x":0.167,"y":0.167},"t":31.982,"s":[2562,384,0],"to":[-134.333,0,0],"ti":[242.333,-0.848,0]},{"i":{"x":0.833,"y":0.833},"o":{"x":0.167,"y":0.167},"t":43.982,"s":[1756,384,0],"to":[-242.333,0.848,0],"ti":[216.667,0,0]},{"i":{"x":0.833,"y":0.833},"o":{"x":0.167,"y":0.167},"t":56,"s":[1108,389.087,0],"to":[-216.667,0,0],"ti":[239,0.848,0]},{"i":{"x":0.833,"y":0.833},"o":{"x":0.167,"y":0.167},"t":68,"s":[456,384,0],"to":[-239,-0.848,0],"ti":[130.333,0,0]},{"t":80,"s":[-326,384,0]}],"ix":2,"l":2},"a":{"a":0,"k":[217,217,0],"ix":1,"l":2},"s":{"a":1,"k":[{"i":{"x":[0.833,0.833,0.833],"y":[0.833,0.833,0.833]},"o":{"x":[0.167,0.167,0.167],"y":[0.167,0.167,0.167]},"t":31.982,"s":[132.258,132.258,100]},{"i":{"x":[0.833,0.833,0.833],"y":[0.833,0.833,0.833]},"o":{"x":[0.167,0.167,0.167],"y":[0.167,0.167,0.167]},"t":44,"s":[132.258,132.258,100]},{"i":{"x":[0.833,0.833,0.833],"y":[0.833,0.833,0.833]},"o":{"x":[0.167,0.167,0.167],"y":[0.167,0.167,0.167]},"t":56,"s":[156.258,156.258,100]},{"t":68,"s":[132.258,132.258,100]}],"ix":6,"l":2}},"ao":0,"ip":0,"op":88,"st":0,"bm":0},{"ddd":0,"ind":14,"ty":2,"nm":"Card back.png","cl":"png","refId":"image_0","sr":1,"ks":{"o":{"a":1,"k":[{"i":{"x":[0.833],"y":[0.833]},"o":{"x":[0.333],"y":[0]},"t":10,"s":[0]},{"i":{"x":[0.833],"y":[0.833]},"o":{"x":[0.167],"y":[0.167]},"t":32.018,"s":[70]},{"i":{"x":[0.833],"y":[0.833]},"o":{"x":[0.167],"y":[0.167]},"t":44,"s":[100]},{"i":{"x":[0.833],"y":[0.833]},"o":{"x":[0.167],"y":[0.167]},"t":56.018,"s":[70]},{"t":68,"s":[0]}],"ix":11},"r":{"a":0,"k":0,"ix":10},"p":{"a":1,"k":[{"i":{"x":0.833,"y":0.833},"o":{"x":0.333,"y":0},"t":10,"s":[2562,384,0],"to":[-134.333,0,0],"ti":[242.333,-0.848,0]},{"i":{"x":0.833,"y":0.833},"o":{"x":0.167,"y":0.167},"t":32,"s":[1756,384,0],"to":[-242.333,0.848,0],"ti":[216.667,0,0]},{"i":{"x":0.833,"y":0.833},"o":{"x":0.167,"y":0.167},"t":44,"s":[1108,389.087,0],"to":[-216.667,0,0],"ti":[239,0.848,0]},{"i":{"x":0.833,"y":0.833},"o":{"x":0.167,"y":0.167},"t":56,"s":[456,384,0],"to":[-239,-0.848,0],"ti":[130.333,0,0]},{"t":68,"s":[-326,384,0]}],"ix":2,"l":2},"a":{"a":0,"k":[217,217,0],"ix":1,"l":2},"s":{"a":1,"k":[{"i":{"x":[0.833,0.833,0.833],"y":[1,1,1]},"o":{"x":[0.333,0.333,0.333],"y":[0,0,0]},"t":10,"s":[132.258,132.258,100]},{"i":{"x":[0.833,0.833,0.833],"y":[0.833,0.833,0.833]},"o":{"x":[0.167,0.167,0.167],"y":[0.167,0.167,0.167]},"t":32.018,"s":[132.258,132.258,100]},{"i":{"x":[0.833,0.833,0.833],"y":[0.833,0.833,0.833]},"o":{"x":[0.167,0.167,0.167],"y":[0.167,0.167,0.167]},"t":44,"s":[156.258,156.258,100]},{"t":56,"s":[132.258,132.258,100]}],"ix":6,"l":2}},"ao":0,"ip":0,"op":77,"st":0,"bm":0},{"ddd":0,"ind":15,"ty":2,"nm":"Card back.png","cl":"png","refId":"image_0","sr":1,"ks":{"o":{"a":1,"k":[{"i":{"x":[0.833],"y":[0.833]},"o":{"x":[0.333],"y":[0]},"t":9.982,"s":[70]},{"i":{"x":[0.833],"y":[0.833]},"o":{"x":[0.167],"y":[0.167]},"t":32,"s":[100]},{"i":{"x":[0.833],"y":[0.833]},"o":{"x":[0.167],"y":[0.167]},"t":44.018,"s":[70]},{"t":56,"s":[0]}],"ix":11},"r":{"a":0,"k":0,"ix":10},"p":{"a":1,"k":[{"i":{"x":0.833,"y":0.784},"o":{"x":0.333,"y":0},"t":9.982,"s":[1756,384,0],"to":[-108,0.848,0],"ti":[216.667,0,0]},{"i":{"x":0.833,"y":0.817},"o":{"x":0.167,"y":0.117},"t":32,"s":[1108,389.087,0],"to":[-216.667,0,0],"ti":[239,0.848,0]},{"i":{"x":0.833,"y":0.833},"o":{"x":0.167,"y":0.153},"t":44,"s":[456,384,0],"to":[-239,-0.848,0],"ti":[130.333,0,0]},{"t":56,"s":[-326,384,0]}],"ix":2,"l":2},"a":{"a":0,"k":[217,217,0],"ix":1,"l":2},"s":{"a":1,"k":[{"i":{"x":[0.833,0.833,0.833],"y":[0.833,0.833,6.376]},"o":{"x":[0.333,0.333,0.333],"y":[0,0,0]},"t":9.982,"s":[132.258,132.258,100]},{"i":{"x":[0.833,0.833,0.833],"y":[0.833,0.833,0.833]},"o":{"x":[0.167,0.167,0.167],"y":[0.167,0.167,0.167]},"t":32,"s":[156.258,156.258,100]},{"t":44,"s":[132.258,132.258,100]}],"ix":6,"l":2}},"ao":0,"ip":0,"op":57,"st":0,"bm":0},{"ddd":0,"ind":16,"ty":2,"nm":"Card back.png","cl":"png","refId":"image_0","sr":1,"ks":{"o":{"a":1,"k":[{"i":{"x":[0.833],"y":[0.833]},"o":{"x":[0.333],"y":[0]},"t":10,"s":[100]},{"i":{"x":[0.833],"y":[0.833]},"o":{"x":[0.167],"y":[0.167]},"t":32.018,"s":[70]},{"t":44,"s":[0]}],"ix":11},"r":{"a":0,"k":0,"ix":10},"p":{"a":1,"k":[{"i":{"x":0.833,"y":0.763},"o":{"x":0.333,"y":0},"t":10,"s":[1108,389.087,0],"to":[-108.667,-0.848,0],"ti":[239,0.848,0]},{"i":{"x":0.833,"y":0.833},"o":{"x":0.167,"y":0.108},"t":32,"s":[456,384,0],"to":[-239,-0.848,0],"ti":[130.333,0,0]},{"t":44,"s":[-326,384,0]}],"ix":2,"l":2},"a":{"a":0,"k":[217,217,0],"ix":1,"l":2},"s":{"a":1,"k":[{"i":{"x":[0.833,0.833,0.833],"y":[0.833,0.833,1.107]},"o":{"x":[0.333,0.333,0.333],"y":[0,0,0]},"t":10,"s":[156.258,156.258,100]},{"t":32,"s":[132.258,132.258,100]}],"ix":6,"l":2}},"ao":0,"ip":0,"op":53,"st":0,"bm":0},{"ddd":0,"ind":17,"ty":2,"nm":"Card back.png","cl":"png","refId":"image_0","sr":1,"ks":{"o":{"a":1,"k":[{"i":{"x":[0.833],"y":[0.833]},"o":{"x":[0.333],"y":[0]},"t":9.982,"s":[70]},{"t":32,"s":[0]}],"ix":11},"r":{"a":0,"k":0,"ix":10},"p":{"a":1,"k":[{"i":{"x":0.833,"y":0.833},"o":{"x":0.333,"y":0},"t":9.965,"s":[456,384,0],"to":[-130.333,0,0],"ti":[130.333,0,0]},{"t":32,"s":[-326,384,0]}],"ix":2,"l":2},"a":{"a":0,"k":[217,217,0],"ix":1,"l":2},"s":{"a":0,"k":[132.258,132.258,100],"ix":6,"l":2}},"ao":0,"ip":0,"op":33,"st":0,"bm":0}],"markers":[]}